{
  "best_epoch": 0,
  "peak_worker_0_memory_MB": 0,
  "training_duration": "0:53:36.507846",
  "epoch": 0,
  "training_perplexity": 769.9527588234065,
  "training_loss": 6.646329160788214,
  "training_worker_0_memory_MB": 0.0,
  "validation_perplexity": 538.3940343188181,
  "validation_loss": 6.288590697880605,
  "best_validation_perplexity": 538.3940343188181,
  "best_validation_loss": 6.288590697880605
}